"scan_time","vcp","weather_flag","bearing_deg","compass","corridor_eta_mean","corridor_eta_sum","corridor_density","flank_eta_mean","contrast_ratio","local_background_eta","local_prominence_ratio","corridor_valid_pixels","flank_valid_pixels","corridor_total_pixels","max_contiguous_bins","contiguous_extent_km","max_extent_km","quality_score","stream_detected"
"2020-10-01 21:25:41","unknown","clear",0,"N",8.133491,122.002359,0.12931,8.77534,0.926858,188.285755363636,0.647963829044724,15,46,116,10,5,23,508.139825235,FALSE
"2020-10-01 21:25:41","unknown","clear",1,"N",5.888104,70.657252,0.103448,8.689734,0.677593,171.549419954545,0.411876950786086,12,34,116,9,4.5,23.5,220.026682728,FALSE
"2020-10-01 21:25:41","unknown","clear",2,"N",5.192688,46.734196,0.077586,7.780298,0.667415,156.585299409091,0.298458387705371,9,26,116,8,4,23.5,114.96612216,FALSE
"2020-10-01 21:25:41","unknown","clear",3,"N",5.351,21.404001,0.034483,8.194639,0.652988,137.529387681818,0.155632198766996,4,24,116,4,2,23.5,17.1232008,FALSE
"2020-10-01 21:25:41","unknown","clear",4,"N",0,0,0,7.547703,0,117.800080863636,0,0,19,117,0,0,0,0,FALSE
"2020-10-01 21:25:41","unknown","clear",5,"N",0,0,0,5.936993,0,99.8998829090909,0,0,14,116,0,0,0,0,FALSE
"2020-10-01 21:25:41","unknown","clear",6,"N",0,0,0,5.192688,0,85.6413454545455,0,0,9,116,0,0,0,0,FALSE
"2020-10-01 21:25:41","unknown","clear",7,"N",0,0,0,5.249779,0,70.0900625454545,0,0,5,118,0,0,0,0,FALSE
"2020-10-01 21:25:41","unknown","clear",8,"N",0,0,0,6.309573,0,55.8374846818182,0,0,1,117,0,0,0,0,FALSE
"2020-10-01 21:25:41","unknown","clear",9,"N",0,0,0,0,0,40.1273051363636,0,0,0,117,0,0,0,0,FALSE
"2020-10-01 21:25:41","unknown","clear",10,"N",0,0,0,0,0,27.6275950909091,0,0,0,118,0,0,0,0,FALSE
"2020-10-01 21:25:41","unknown","clear",11,"NNE",0,0,0,0,0,18.9195848181818,0,0,0,116,0,0,0,0,FALSE
"2020-10-01 21:25:41","unknown","clear",12,"NNE",0,0,0,0,0,11.8544458181818,0,0,0,117,0,0,0,0,FALSE
"2020-10-01 21:25:41","unknown","clear",13,"NNE",0,0,0,0,0,6.30888404545454,0,0,0,117,0,0,0,0,FALSE
"2020-10-01 21:25:41","unknown","clear",14,"NNE",0,0,0,0,0,3.09719077272727,0,0,0,118,0,0,0,0,FALSE
"2020-10-01 21:25:41","unknown","clear",15,"NNE",0,0,0,0,0,0.972909136363636,0,0,0,116,0,0,0,0,FALSE
"2020-10-01 21:25:41","unknown","clear",16,"NNE",0,0,0,0,0,0,0,0,0,117,0,0,0,0,FALSE
"2020-10-01 21:25:41","unknown","clear",17,"NNE",0,0,0,0,0,0,0,0,0,117,0,0,0,0,FALSE
"2020-10-01 21:25:41","unknown","clear",18,"NNE",0,0,0,0,0,0,0,0,0,117,0,0,0,0,FALSE
"2020-10-01 21:25:41","unknown","clear",19,"NNE",0,0,0,0,0,0,0,0,0,115,0,0,0,0,FALSE
"2020-10-01 21:25:41","unknown","clear",20,"NNE",0,0,0,0,0,0,0,0,0,116,0,0,0,0,FALSE
"2020-10-01 21:25:41","unknown","clear",21,"NNE",0,0,0,0,0,0,0,0,0,117,0,0,0,0,FALSE
"2020-10-01 21:25:41","unknown","clear",22,"NNE",0,0,0,0,0,0,0,0,0,119,0,0,0,0,FALSE
"2020-10-01 21:25:41","unknown","clear",23,"NNE",0,0,0,0,0,0,0,0,0,117,0,0,0,0,FALSE
"2020-10-01 21:25:41","unknown","clear",24,"NNE",0,0,0,0,0,0,0,0,0,117,0,0,0,0,FALSE
"2020-10-01 21:25:41","unknown","clear",25,"NNE",0,0,0,0,0,0,0,0,0,118,0,0,0,0,FALSE
"2020-10-01 21:25:41","unknown","clear",26,"NNE",0,0,0,0,0,0,0,0,0,117,0,0,0,0,FALSE
"2020-10-01 21:25:41","unknown","clear",27,"NNE",0,0,0,0,0,0,0,0,0,113,0,0,0,0,FALSE
"2020-10-01 21:25:41","unknown","clear",28,"NNE",0,0,0,0,0,0,0,0,0,107,0,0,0,0,FALSE
"2020-10-01 21:25:41","unknown","clear",29,"NNE",0,0,0,0,0,0,0,0,0,103,0,0,0,0,FALSE
"2020-10-01 21:25:41","unknown","clear",30,"NNE",0,0,0,0,0,0,0,0,0,100,0,0,0,0,FALSE
"2020-10-01 21:25:41","unknown","clear",31,"NNE",0,0,0,0,0,0,0,0,0,100,0,0,0,0,FALSE
"2020-10-01 21:25:41","unknown","clear",32,"NNE",0,0,0,0,0,0,0,0,0,94,0,0,0,0,FALSE
"2020-10-01 21:25:41","unknown","clear",33,"NE",0,0,0,0,0,0,0,0,0,91,0,0,0,0,FALSE
"2020-10-01 21:25:41","unknown","clear",34,"NE",0,0,0,0,0,0,0,0,0,93,0,0,0,0,FALSE
"2020-10-01 21:25:41","unknown","clear",35,"NE",0,0,0,0,0,0,0,0,0,87,0,0,0,0,FALSE
"2020-10-01 21:25:41","unknown","clear",36,"NE",0,0,0,0,0,0,0,0,0,84,0,0,0,0,FALSE
"2020-10-01 21:25:41","unknown","clear",37,"NE",0,0,0,0,0,0,0,0,0,83,0,0,0,0,FALSE
"2020-10-01 21:25:41","unknown","clear",38,"NE",0,0,0,0,0,0,0,0,0,80,0,0,0,0,FALSE
"2020-10-01 21:25:41","unknown","clear",39,"NE",0,0,0,0,0,0,0,0,0,78,0,0,0,0,FALSE
"2020-10-01 21:25:41","unknown","clear",40,"NE",0,0,0,0,0,0,0,0,0,78,0,0,0,0,FALSE
"2020-10-01 21:25:41","unknown","clear",41,"NE",0,0,0,0,0,0,0,0,0,74,0,0,0,0,FALSE
"2020-10-01 21:25:41","unknown","clear",42,"NE",0,0,0,0,0,0,0,0,0,73,0,0,0,0,FALSE
"2020-10-01 21:25:41","unknown","clear",43,"NE",0,0,0,0,0,0,0,0,0,71,0,0,0,0,FALSE
"2020-10-01 21:25:41","unknown","clear",44,"NE",0,0,0,0,0,0,0,0,0,70,0,0,0,0,FALSE
"2020-10-01 21:25:41","unknown","clear",45,"NE",0,0,0,0,0,0,0,0,0,73,0,0,0,0,FALSE
"2020-10-01 21:25:41","unknown","clear",46,"NE",0,0,0,0,0,0,0,0,0,69,0,0,0,0,FALSE
"2020-10-01 21:25:41","unknown","clear",47,"NE",0,0,0,0,0,0,0,0,0,69,0,0,0,0,FALSE
"2020-10-01 21:25:41","unknown","clear",48,"NE",0,0,0,0,0,0,0,0,0,67,0,0,0,0,FALSE
"2020-10-01 21:25:41","unknown","clear",49,"NE",0,0,0,0,0,0,0,0,0,66,0,0,0,0,FALSE
"2020-10-01 21:25:41","unknown","clear",50,"NE",0,0,0,0,0,0,0,0,0,64,0,0,0,0,FALSE
"2020-10-01 21:25:41","unknown","clear",51,"NE",0,0,0,0,0,0,0,0,0,62,0,0,0,0,FALSE
"2020-10-01 21:25:41","unknown","clear",52,"NE",0,0,0,0,0,0,0,0,0,63,0,0,0,0,FALSE
"2020-10-01 21:25:41","unknown","clear",53,"NE",0,0,0,0,0,0,0,0,0,61,0,0,0,0,FALSE
"2020-10-01 21:25:41","unknown","clear",54,"NE",0,0,0,0,0,0,0,0,0,59,0,0,0,0,FALSE
"2020-10-01 21:25:41","unknown","clear",55,"ENE",0,0,0,0,0,0,0,0,0,59,0,0,0,0,FALSE
"2020-10-01 21:25:41","unknown","clear",56,"ENE",0,0,0,0,0,0,0,0,0,58,0,0,0,0,FALSE
"2020-10-01 21:25:41","unknown","clear",57,"ENE",0,0,0,0,0,0,0,0,0,58,0,0,0,0,FALSE
"2020-10-01 21:25:41","unknown","clear",58,"ENE",0,0,0,0,0,0,0,0,0,57,0,0,0,0,FALSE
"2020-10-01 21:25:41","unknown","clear",59,"ENE",0,0,0,0,0,0,0,0,0,55,0,0,0,0,FALSE
"2020-10-01 21:25:41","unknown","clear",60,"ENE",0,0,0,0,0,0,0,0,0,56,0,0,0,0,FALSE
"2020-10-01 21:25:41","unknown","clear",61,"ENE",0,0,0,0,0,0,0,0,0,54,0,0,0,0,FALSE
"2020-10-01 21:25:41","unknown","clear",62,"ENE",0,0,0,0,0,0,0,0,0,54,0,0,0,0,FALSE
"2020-10-01 21:25:41","unknown","clear",63,"ENE",0,0,0,0,0,0,0,0,0,51,0,0,0,0,FALSE
"2020-10-01 21:25:41","unknown","clear",64,"ENE",0,0,0,0,0,0,0,0,0,60,0,0,0,0,FALSE
"2020-10-01 21:25:41","unknown","clear",65,"ENE",0,0,0,0,0,0,0,0,0,55,0,0,0,0,FALSE
"2020-10-01 21:25:41","unknown","clear",66,"ENE",0,0,0,0,0,0,0,0,0,53,0,0,0,0,FALSE
"2020-10-01 21:25:41","unknown","clear",67,"ENE",0,0,0,0,0,0,0,0,0,52,0,0,0,0,FALSE
"2020-10-01 21:25:41","unknown","clear",68,"ENE",0,0,0,0,0,0,0,0,0,52,0,0,0,0,FALSE
"2020-10-01 21:25:41","unknown","clear",69,"ENE",0,0,0,0,0,0,0,0,0,52,0,0,0,0,FALSE
"2020-10-01 21:25:41","unknown","clear",70,"ENE",0,0,0,0,0,0,0,0,0,50,0,0,0,0,FALSE
"2020-10-01 21:25:41","unknown","clear",71,"ENE",0,0,0,0,0,0,0,0,0,51,0,0,0,0,FALSE
"2020-10-01 21:25:41","unknown","clear",72,"ENE",0,0,0,0,0,0,0,0,0,55,0,0,0,0,FALSE
"2020-10-01 21:25:41","unknown","clear",73,"ENE",0,0,0,0,0,0,0,0,0,50,0,0,0,0,FALSE
"2020-10-01 21:25:41","unknown","clear",74,"ENE",0,0,0,0,0,0,0,0,0,51,0,0,0,0,FALSE
"2020-10-01 21:25:41","unknown","clear",75,"ENE",0,0,0,0,0,0,0,0,0,48,0,0,0,0,FALSE
"2020-10-01 21:25:41","unknown","clear",76,"ENE",0,0,0,0,0,0,0,0,0,48,0,0,0,0,FALSE
"2020-10-01 21:25:41","unknown","clear",77,"E",0,0,0,0,0,0,0,0,0,50,0,0,0,0,FALSE
"2020-10-01 21:25:41","unknown","clear",78,"E",0,0,0,0,0,0,0,0,0,50,0,0,0,0,FALSE
"2020-10-01 21:25:41","unknown","clear",79,"E",0,0,0,0,0,0,0,0,0,51,0,0,0,0,FALSE
"2020-10-01 21:25:41","unknown","clear",80,"E",0,0,0,0,0,0,0,0,0,50,0,0,0,0,FALSE
"2020-10-01 21:25:41","unknown","clear",81,"E",0,0,0,0,0,0,0,0,0,49,0,0,0,0,FALSE
"2020-10-01 21:25:41","unknown","clear",82,"E",0,0,0,0,0,0,0,0,0,48,0,0,0,0,FALSE
"2020-10-01 21:25:41","unknown","clear",83,"E",0,0,0,0,0,0,0,0,0,48,0,0,0,0,FALSE
"2020-10-01 21:25:41","unknown","clear",84,"E",0,0,0,0,0,0,0,0,0,49,0,0,0,0,FALSE
"2020-10-01 21:25:41","unknown","clear",85,"E",0,0,0,0,0,0,0,0,0,48,0,0,0,0,FALSE
"2020-10-01 21:25:41","unknown","clear",86,"E",0,0,0,0,0,0,0,0,0,48,0,0,0,0,FALSE
"2020-10-01 21:25:41","unknown","clear",87,"E",0,0,0,0,0,0,0,0,0,48,0,0,0,0,FALSE
"2020-10-01 21:25:41","unknown","clear",88,"E",0,0,0,0,0,0,0,0,0,48,0,0,0,0,FALSE
"2020-10-01 21:25:41","unknown","clear",89,"E",0,0,0,0,0,0,0,0,0,48,0,0,0,0,FALSE
"2020-10-01 21:25:41","unknown","clear",90,"E",0,0,0,0,0,0,0,0,0,48,0,0,0,0,FALSE
"2020-10-01 21:25:41","unknown","clear",91,"E",0,0,0,0,0,0,0,0,0,48,0,0,0,0,FALSE
"2020-10-01 21:25:41","unknown","clear",92,"E",0,0,0,0,0,0,0,0,0,48,0,0,0,0,FALSE
"2020-10-01 21:25:41","unknown","clear",93,"E",0,0,0,0,0,0,0,0,0,48,0,0,0,0,FALSE
"2020-10-01 21:25:41","unknown","clear",94,"E",0,0,0,0,0,0,0,0,0,48,0,0,0,0,FALSE
"2020-10-01 21:25:41","unknown","clear",95,"E",0,0,0,0,0,0,0,0,0,48,0,0,0,0,FALSE
"2020-10-01 21:25:41","unknown","clear",96,"E",0,0,0,0,0,0,0,0,0,48,0,0,0,0,FALSE
"2020-10-01 21:25:41","unknown","clear",97,"E",0,0,0,0,0,0,0,0,0,48,0,0,0,0,FALSE
"2020-10-01 21:25:41","unknown","clear",98,"E",0,0,0,0,0,0,0,0,0,49,0,0,0,0,FALSE
"2020-10-01 21:25:41","unknown","clear",99,"ESE",0,0,0,0,0,0,0,0,0,48,0,0,0,0,FALSE
"2020-10-01 21:25:41","unknown","clear",100,"ESE",0,0,0,0,0,0,0,0,0,49,0,0,0,0,FALSE
"2020-10-01 21:25:41","unknown","clear",101,"ESE",0,0,0,0,0,0,0,0,0,49,0,0,0,0,FALSE
"2020-10-01 21:25:41","unknown","clear",102,"ESE",0,0,0,0,0,0,0,0,0,49,0,0,0,0,FALSE
"2020-10-01 21:25:41","unknown","clear",103,"ESE",0,0,0,0,0,0,0,0,0,50,0,0,0,0,FALSE
"2020-10-01 21:25:41","unknown","clear",104,"ESE",0,0,0,0,0,0,0,0,0,50,0,0,0,0,FALSE
"2020-10-01 21:25:41","unknown","clear",105,"ESE",0,0,0,0,0,0,0,0,0,49,0,0,0,0,FALSE
"2020-10-01 21:25:41","unknown","clear",106,"ESE",0,0,0,0,0,0,0,0,0,50,0,0,0,0,FALSE
"2020-10-01 21:25:41","unknown","clear",107,"ESE",0,0,0,0,0,0,0,0,0,51,0,0,0,0,FALSE
"2020-10-01 21:25:41","unknown","clear",108,"ESE",0,0,0,0,0,0,0,0,0,50,0,0,0,0,FALSE
"2020-10-01 21:25:41","unknown","clear",109,"ESE",0,0,0,0,0,0,0,0,0,48,0,0,0,0,FALSE
"2020-10-01 21:25:41","unknown","clear",110,"ESE",0,0,0,0,0,0,0,0,0,52,0,0,0,0,FALSE
"2020-10-01 21:25:41","unknown","clear",111,"ESE",0,0,0,0,0,0,0,0,0,51,0,0,0,0,FALSE
"2020-10-01 21:25:41","unknown","clear",112,"ESE",0,0,0,0,0,0,0,0,0,50,0,0,0,0,FALSE
"2020-10-01 21:25:41","unknown","clear",113,"ESE",0,0,0,0,0,0,0,0,0,52,0,0,0,0,FALSE
"2020-10-01 21:25:41","unknown","clear",114,"ESE",0,0,0,0,0,0,0,0,0,53,0,0,0,0,FALSE
"2020-10-01 21:25:41","unknown","clear",115,"ESE",0,0,0,0,0,0,0,0,0,52,0,0,0,0,FALSE
"2020-10-01 21:25:41","unknown","clear",116,"ESE",0,0,0,0,0,0,0,0,0,54,0,0,0,0,FALSE
"2020-10-01 21:25:41","unknown","clear",117,"ESE",0,0,0,0,0,0,0,0,0,48,0,0,0,0,FALSE
"2020-10-01 21:25:41","unknown","clear",118,"ESE",0,0,0,0,0,0,0,0,0,53,0,0,0,0,FALSE
"2020-10-01 21:25:41","unknown","clear",119,"ESE",0,0,0,0,0,0,0,0,0,54,0,0,0,0,FALSE
"2020-10-01 21:25:41","unknown","clear",120,"ESE",0,0,0,0,0,0,0,0,0,56,0,0,0,0,FALSE
"2020-10-01 21:25:41","unknown","clear",121,"SE",0,0,0,0,0,0,0,0,0,56,0,0,0,0,FALSE
"2020-10-01 21:25:41","unknown","clear",122,"SE",0,0,0,0,0,0,0,0,0,56,0,0,0,0,FALSE
"2020-10-01 21:25:41","unknown","clear",123,"SE",0,0,0,0,0,0,0,0,0,57,0,0,0,0,FALSE
"2020-10-01 21:25:41","unknown","clear",124,"SE",0,0,0,0,0,0,0,0,0,65,0,0,0,0,FALSE
"2020-10-01 21:25:41","unknown","clear",125,"SE",0,0,0,0,0,0,0,0,0,58,0,0,0,0,FALSE
"2020-10-01 21:25:41","unknown","clear",126,"SE",0,0,0,0,0,0,0,0,0,60,0,0,0,0,FALSE
"2020-10-01 21:25:41","unknown","clear",127,"SE",0,0,0,0,0,0,0,0,0,61,0,0,0,0,FALSE
"2020-10-01 21:25:41","unknown","clear",128,"SE",0,0,0,0,0,0,0,0,0,61,0,0,0,0,FALSE
"2020-10-01 21:25:41","unknown","clear",129,"SE",0,0,0,0,0,0,0,0,0,63,0,0,0,0,FALSE
"2020-10-01 21:25:41","unknown","clear",130,"SE",0,0,0,0,0,0,0,0,0,63,0,0,0,0,FALSE
"2020-10-01 21:25:41","unknown","clear",131,"SE",0,0,0,0,0,0,0,0,0,64,0,0,0,0,FALSE
"2020-10-01 21:25:41","unknown","clear",132,"SE",0,0,0,0,0,0,0,0,0,65,0,0,0,0,FALSE
"2020-10-01 21:25:41","unknown","clear",133,"SE",0,0,0,0,0,0,0,0,0,66,0,0,0,0,FALSE
"2020-10-01 21:25:41","unknown","clear",134,"SE",0,0,0,0,0,0,0,0,0,68,0,0,0,0,FALSE
"2020-10-01 21:25:41","unknown","clear",135,"SE",0,0,0,0,0,0,0,0,0,73,0,0,0,0,FALSE
"2020-10-01 21:25:41","unknown","clear",136,"SE",0,0,0,0,0,0,0,0,0,66,0,0,0,0,FALSE
"2020-10-01 21:25:41","unknown","clear",137,"SE",0,0,0,0,0,0,0,0,0,69,0,0,0,0,FALSE
"2020-10-01 21:25:41","unknown","clear",138,"SE",0,0,0,0,0,0,0,0,0,71,0,0,0,0,FALSE
"2020-10-01 21:25:41","unknown","clear",139,"SE",0,0,0,0,0,0,0,0,0,73,0,0,0,0,FALSE
"2020-10-01 21:25:41","unknown","clear",140,"SE",0,0,0,0,0,0,0,0,0,76,0,0,0,0,FALSE
"2020-10-01 21:25:41","unknown","clear",141,"SE",0,0,0,0,0,0,0,0,0,78,0,0,0,0,FALSE
"2020-10-01 21:25:41","unknown","clear",142,"SE",0,0,0,0,0,0,0,0,0,80,0,0,0,0,FALSE
"2020-10-01 21:25:41","unknown","clear",143,"SSE",0,0,0,0,0,0,0,0,0,82,0,0,0,0,FALSE
"2020-10-01 21:25:41","unknown","clear",144,"SSE",0,0,0,0,0,0,0,0,0,83,0,0,0,0,FALSE
"2020-10-01 21:25:41","unknown","clear",145,"SSE",0,0,0,0,0,0,0,0,0,86,0,0,0,0,FALSE
"2020-10-01 21:25:41","unknown","clear",146,"SSE",0,0,0,0,0,0,0,0,0,88,0,0,0,0,FALSE
"2020-10-01 21:25:41","unknown","clear",147,"SSE",0,0,0,0,0,0,0,0,0,92,0,0,0,0,FALSE
"2020-10-01 21:25:41","unknown","clear",148,"SSE",0,0,0,0,0,0,0,0,0,94,0,0,0,0,FALSE
"2020-10-01 21:25:41","unknown","clear",149,"SSE",0,0,0,0,0,0,0,0,0,96,0,0,0,0,FALSE
"2020-10-01 21:25:41","unknown","clear",150,"SSE",0,0,0,0,0,0,0,0,0,98,0,0,0,0,FALSE
"2020-10-01 21:25:41","unknown","clear",151,"SSE",0,0,0,0,0,0,0,0,0,103,0,0,0,0,FALSE
"2020-10-01 21:25:41","unknown","clear",152,"SSE",0,0,0,0,0,0,0,0,0,106,0,0,0,0,FALSE
"2020-10-01 21:25:41","unknown","clear",153,"SSE",0,0,0,0,0,0,0,0,0,111,0,0,0,0,FALSE
"2020-10-01 21:25:41","unknown","clear",154,"SSE",0,0,0,0,0,0,0,0,0,115,0,0,0,0,FALSE
"2020-10-01 21:25:41","unknown","clear",155,"SSE",0,0,0,0,0,0,0,0,0,119,0,0,0,0,FALSE
"2020-10-01 21:25:41","unknown","clear",156,"SSE",0,0,0,0,0,0,0,0,0,117,0,0,0,0,FALSE
"2020-10-01 21:25:41","unknown","clear",157,"SSE",0,0,0,0,0,0,0,0,0,117,0,0,0,0,FALSE
"2020-10-01 21:25:41","unknown","clear",158,"SSE",0,0,0,0,0,0,0,0,0,118,0,0,0,0,FALSE
"2020-10-01 21:25:41","unknown","clear",159,"SSE",0,0,0,0,0,0,0,0,0,118,0,0,0,0,FALSE
"2020-10-01 21:25:41","unknown","clear",160,"SSE",0,0,0,0,0,0,0,0,0,118,0,0,0,0,FALSE
"2020-10-01 21:25:41","unknown","clear",161,"SSE",0,0,0,0,0,0,0,0,0,117,0,0,0,0,FALSE
"2020-10-01 21:25:41","unknown","clear",162,"SSE",0,0,0,0,0,0,0,0,0,128,0,0,0,0,FALSE
"2020-10-01 21:25:41","unknown","clear",163,"SSE",0,0,0,0,0,0,0,0,0,119,0,0,0,0,FALSE
"2020-10-01 21:25:41","unknown","clear",164,"SSE",0,0,0,0,0,0,0,0,0,116,0,0,0,0,FALSE
"2020-10-01 21:25:41","unknown","clear",165,"S",0,0,0,0,0,0,0,0,0,116,0,0,0,0,FALSE
"2020-10-01 21:25:41","unknown","clear",166,"S",0,0,0,0,0,0,0,0,0,119,0,0,0,0,FALSE
"2020-10-01 21:25:41","unknown","clear",167,"S",0,0,0,0,0,0,0,0,0,117,0,0,0,0,FALSE
"2020-10-01 21:25:41","unknown","clear",168,"S",0,0,0,0,0,0,0,0,0,116,0,0,0,0,FALSE
"2020-10-01 21:25:41","unknown","clear",169,"S",0,0,0,0,0,0,0,0,0,114,0,0,0,0,FALSE
"2020-10-01 21:25:41","unknown","clear",170,"S",0,0,0,0,0,0,0,0,0,120,0,0,0,0,FALSE
"2020-10-01 21:25:41","unknown","clear",171,"S",0,0,0,0,0,0,0,0,0,118,0,0,0,0,FALSE
"2020-10-01 21:25:41","unknown","clear",172,"S",0,0,0,0,0,0,0,0,0,117,0,0,0,0,FALSE
"2020-10-01 21:25:41","unknown","clear",173,"S",0,0,0,0,0,0,0,0,0,118,0,0,0,0,FALSE
"2020-10-01 21:25:41","unknown","clear",174,"S",0,0,0,0,0,0,0,0,0,116,0,0,0,0,FALSE
"2020-10-01 21:25:41","unknown","clear",175,"S",0,0,0,0,0,0,0,0,0,117,0,0,0,0,FALSE
"2020-10-01 21:25:41","unknown","clear",176,"S",0,0,0,0,0,0,0,0,0,116,0,0,0,0,FALSE
"2020-10-01 21:25:41","unknown","clear",177,"S",0,0,0,0,0,0,0,0,0,118,0,0,0,0,FALSE
"2020-10-01 21:25:41","unknown","clear",178,"S",0,0,0,0,0,0,0,0,0,117,0,0,0,0,FALSE
"2020-10-01 21:25:41","unknown","clear",179,"S",0,0,0,0,0,0,0,0,0,117,0,0,0,0,FALSE
"2020-10-01 21:25:41","unknown","clear",180,"S",0,0,0,0,0,0,0,0,0,117,0,0,0,0,FALSE
"2020-10-01 21:25:41","unknown","clear",181,"S",0,0,0,0,0,0,0,0,0,116,0,0,0,0,FALSE
"2020-10-01 21:25:41","unknown","clear",182,"S",0,0,0,0,0,0,0,0,0,116,0,0,0,0,FALSE
"2020-10-01 21:25:41","unknown","clear",183,"S",0,0,0,0,0,0,0,0,0,116,0,0,0,0,FALSE
"2020-10-01 21:25:41","unknown","clear",184,"S",0,0,0,0,0,0,0,0,0,117,0,0,0,0,FALSE
"2020-10-01 21:25:41","unknown","clear",185,"S",0,0,0,0,0,0,0,0,0,119,0,0,0,0,FALSE
"2020-10-01 21:25:41","unknown","clear",186,"S",0,0,0,0,0,0,0,0,0,118,0,0,0,0,FALSE
"2020-10-01 21:25:41","unknown","clear",187,"SSW",0,0,0,0,0,0,0,0,0,117,0,0,0,0,FALSE
"2020-10-01 21:25:41","unknown","clear",188,"SSW",0,0,0,0,0,0,0,0,0,116,0,0,0,0,FALSE
"2020-10-01 21:25:41","unknown","clear",189,"SSW",0,0,0,0,0,0,0,0,0,116,0,0,0,0,FALSE
"2020-10-01 21:25:41","unknown","clear",190,"SSW",0,0,0,0,0,0,0,0,0,117,0,0,0,0,FALSE
"2020-10-01 21:25:41","unknown","clear",191,"SSW",0,0,0,0,0,0,0,0,0,116,0,0,0,0,FALSE
"2020-10-01 21:25:41","unknown","clear",192,"SSW",0,0,0,0,0,0,0,0,0,116,0,0,0,0,FALSE
"2020-10-01 21:25:41","unknown","clear",193,"SSW",0,0,0,0,0,0,0,0,0,118,0,0,0,0,FALSE
"2020-10-01 21:25:41","unknown","clear",194,"SSW",0,0,0,0,0,0.161278818181818,0,0,0,118,0,0,0,0,FALSE
"2020-10-01 21:25:41","unknown","clear",195,"SSW",0,0,0,0,0,0.322557636363636,0,0,0,117,0,0,0,0,FALSE
"2020-10-01 21:25:41","unknown","clear",196,"SSW",0,0,0,0,0,0.694109909090909,0,0,0,116,0,0,0,0,FALSE
"2020-10-01 21:25:41","unknown","clear",197,"SSW",0,0,0,0,0,1.35314195454545,0,0,0,117,0,0,0,0,FALSE
"2020-10-01 21:25:41","unknown","clear",198,"SSW",0,0,0,0,0,1.92742054545455,0,0,0,117,0,0,0,0,FALSE
"2020-10-01 21:25:41","unknown","clear",199,"SSW",0,0,0,0,0,2.21421931818182,0,0,0,117,0,0,0,0,FALSE
"2020-10-01 21:25:41","unknown","clear",200,"SSW",0,0,0,0,0,2.39517713636364,0,0,0,119,0,0,0,0,FALSE
"2020-10-01 21:25:41","unknown","clear",201,"SSW",0,0,0,0,0,3.26900972727273,0,0,0,117,0,0,0,0,FALSE
"2020-10-01 21:25:41","unknown","clear",202,"SSW",0,0,0,0,0,4.12316331818182,0,0,0,119,0,0,0,0,FALSE
"2020-10-01 21:25:41","unknown","clear",203,"SSW",0,0,0,3.548134,0,5.38052240909091,0,0,1,118,0,0,0,0,FALSE
"2020-10-01 21:25:41","unknown","clear",204,"SSW",0,0,0,3.548134,0,6.62034254545455,0,0,1,117,0,0,0,0,FALSE
"2020-10-01 21:25:41","unknown","clear",205,"SSW",0,0,0,3.907428,0,7.88947836363636,0,0,3,116,0,0,0,0,FALSE
"2020-10-01 21:25:41","unknown","clear",206,"SSW",3.548134,3.548134,0.008403,3.624676,0.978883,10.6871753181818,0.331999232197833,1,4,119,1,0.5,29.5,1.774067,FALSE
"2020-10-01 21:25:41","unknown","clear",207,"SSW",3.548134,3.548134,0.008333,4.161656,0.852577,13.4246331818182,0.264300256993648,1,5,120,1,0.5,29.5,1.774067,FALSE
"2020-10-01 21:25:41","unknown","clear",208,"SSW",4.087075,8.17415,0.017094,4.045566,1.01026,15.4209062272727,0.530069366840683,2,4,117,2,1,28.5,8.258016779,FALSE
"2020-10-01 21:25:41","unknown","clear",209,"SW",3.624676,14.498705,0.033898,5.280827,0.686384,18.0067309090909,0.805182521646956,4,6,118,3,1.5,29,21.7480575,FALSE
"2020-10-01 21:25:41","unknown","clear",210,"SW",4.211376,12.634129,0.025424,5.424157,0.776411,21.2366664090909,0.594920537744645,3,10,118,3,1.5,29,18.9511935,FALSE
"2020-10-01 21:25:41","unknown","clear",211,"SW",6.309573,6.309573,0.008696,4.968505,1.269914,26.7132682727273,0.236196220379433,1,14,115,1,0.5,28,4.006307543361,FALSE
"2020-10-01 21:25:41","unknown","clear",212,"SW",3.981072,3.981072,0.008696,5.12663,0.776548,34.0179343181818,0.117028622689538,1,15,115,1,0.5,27,1.990536,FALSE
"2020-10-01 21:25:41","unknown","clear",213,"SW",4.806079,19.224317,0.034483,5.373224,0.89445,38.3474185454545,0.501319716663919,4,11,116,3,1.5,27.5,28.8364755,FALSE
"2020-10-01 21:25:41","unknown","clear",214,"SW",4.697845,18.791379,0.035398,5.6987,0.824371,39.3067015454545,0.478070615471754,4,11,113,3,1.5,27.5,28.1870685,FALSE
"2020-10-01 21:25:41","unknown","clear",215,"SW",6.915475,27.6619,0.034783,6.541122,1.057231,38.940714,0.710359342666393,4,13,115,4,2,27.5,10.1772663332172,FALSE
"2020-10-01 21:25:41","unknown","clear",216,"SW",6.819011,27.276043,0.034783,6.738068,1.012013,38.3644529545455,0.710971769421993,4,14,115,4,2,27,9.60609111638653,FALSE
"2020-10-01 21:25:41","unknown","clear",217,"SW",6.293824,31.469122,0.043103,7.533153,0.835483,36.8241150909091,0.854579177865129,5,17,116,5,2.5,28.5,15.10517856,FALSE
"2020-10-01 21:25:41","unknown","clear",218,"SW",8.137183,65.097467,0.068376,7.778982,1.046047,35.3192419090909,1.84311620185835,8,14,117,7,3.5,29.5,99.2760499033685,FALSE
"2020-10-01 21:25:41","unknown","clear",219,"SW",8.549778,68.398223,0.068966,7.605871,1.124102,34.6199470909091,1.97568825915279,8,17,116,7,3.5,30,116.434348510927,FALSE
"2020-10-01 21:25:41","unknown","clear",220,"SW",7.838368,54.868578,0.058824,10.211391,0.76761,35.0109487727273,1.56718340757282,7,24,119,5,2.5,30,33.5357587650988,FALSE
"2020-10-01 21:25:41","unknown","clear",221,"SW",7.33046,65.974138,0.077586,11.297856,0.648836,35.5564120909091,1.85547793268118,9,25,116,7,3.5,29,99.8282558857234,FALSE
"2020-10-01 21:25:41","unknown","clear",222,"SW",6.9194,69.194004,0.086207,11.569061,0.598095,33.2795325909091,2.07917595630239,10,25,116,9,4.5,28,207.815172881879,FALSE
"2020-10-01 21:25:41","unknown","clear",223,"SW",10.996761,109.967608,0.084746,9.324873,1.179293,29.2380197727273,3.76111682168626,10,23,118,8,4,28.5,1734.46313819965,FALSE
"2020-10-01 21:25:41","unknown","clear",224,"SW",15.20844,167.292841,0.092437,6.742192,2.255712,27.9766670454545,5.97972734665621,11,19,119,7,3.5,28.5,7897.87822139157,FALSE
"2020-10-01 21:25:41","unknown","clear",225,"SW",13.466307,107.730459,0.064516,8.608084,1.564379,31.7166134545455,3.39665705969502,8,18,124,6,3,29,1471.7507480408,FALSE
"2020-10-01 21:25:41","unknown","clear",226,"SW",14.928351,44.785054,0.026087,9.473518,1.575798,38.9505163181818,1.14979359026095,3,23,115,3,1.5,29,91.2863942015338,FALSE
"2020-10-01 21:25:41","unknown","clear",227,"SW",0,0,0,10.686385,0,43.1544805909091,0,0,22,116,0,0,0,0,FALSE
"2020-10-01 21:25:41","unknown","clear",228,"SW",0,0,0,9.731316,0,43.9328057727273,0,0,14,116,0,0,0,0,FALSE
"2020-10-01 21:25:41","unknown","clear",229,"SW",3.548134,3.548134,0.008772,8.171343,0.434217,42.8790388181818,0.0827475171503961,1,10,114,1,0.5,16.5,1.774067,FALSE
"2020-10-01 21:25:41","unknown","clear",230,"SW",4.007485,8.01497,0.017241,4.677732,0.856715,41.6171384545455,0.192588205187486,2,6,116,2,1,17.5,5.34598499,FALSE
"2020-10-01 21:25:41","unknown","clear",231,"WSW",3.854368,11.563104,0.025862,5.753043,0.66997,38.7601434090909,0.298324592815824,3,6,116,3,1.5,22,4.336164,FALSE
"2020-10-01 21:25:41","unknown","clear",232,"WSW",4.342281,13.026842,0.025641,5.228951,0.830431,35.3672813636364,0.368330318241363,3,7,117,3,1.5,22,5.8620789,FALSE
"2020-10-01 21:25:41","unknown","clear",233,"WSW",5.242531,20.970124,0.034483,4.523572,1.158936,32.9609554090909,0.636211048488487,4,8,116,4,2,22.5,48.606063256128,FALSE
"2020-10-01 21:25:41","unknown","clear",234,"WSW",4.876597,19.506386,0.034483,4.706539,1.036132,32.0229201363636,0.609138264622205,4,8,116,3,1.5,22.5,22.737589581321,FALSE
"2020-10-01 21:25:41","unknown","clear",235,"WSW",6.259888,25.03955,0.034483,4.014894,1.559166,33.3258605454545,0.751354941482981,4,8,116,2,1,22.5,19.52040750765,FALSE
"2020-10-01 21:25:41","unknown","clear",236,"WSW",5.698756,17.096268,0.026087,4.361057,1.306737,32.101465,0.532569712939892,3,10,115,2,1,22.5,11.170162978758,FALSE
"2020-10-01 21:25:41","unknown","clear",237,"WSW",5.269335,21.077339,0.034483,4.425551,1.190662,30.3546236363636,0.694369966582296,4,10,116,3,1.5,23.5,18.8219899563135,FALSE
"2020-10-01 21:25:41","unknown","clear",238,"WSW",3.692446,11.077339,0.025862,4.9752,0.74217,35.5792363181818,0.311342798393321,3,9,116,2,1,23.5,3.688753887,FALSE
"2020-10-01 21:25:41","unknown","clear",239,"WSW",3.548134,3.548134,0.008621,4.671573,0.759516,45.2294604090909,0.0784474094518899,1,11,116,1,0.5,21,1.774067,FALSE
"2020-10-01 21:25:41","unknown","clear",240,"WSW",3.548134,3.548134,0.008696,4.432877,0.800413,53.8292491818182,0.0659146106239663,1,9,115,1,0.5,20.5,1.774067,FALSE
"2020-10-01 21:25:41","unknown","clear",241,"WSW",4.036047,12.10814,0.026087,4.529457,0.891066,59.5497951818182,0.20332798732609,3,8,115,3,1.5,23.5,6.04801593,FALSE
"2020-10-01 21:25:41","unknown","clear",242,"WSW",3.817604,15.270418,0.034483,3.674742,1.038877,63.0920842272727,0.242033817507,4,8,116,4,2,23.5,10.5654813030303,FALSE
"2020-10-01 21:25:41","unknown","clear",243,"WSW",3.907428,11.722284,0.02521,6.891317,0.567007,66.8927918181818,0.175239867874879,3,10,119,3,1.5,23.5,4.3958565,FALSE
"2020-10-01 21:25:41","unknown","clear",244,"WSW",3.355206,6.710412,0.017544,7.520226,0.446158,70.9891521818182,0.094527287532794,2,15,114,1,0.5,18,3.355206,FALSE
"2020-10-01 21:25:41","unknown","clear",245,"WSW",3.290896,9.872689,0.026549,7.459142,0.44119,76.1629612727273,0.129625855337314,3,22,113,2,1,29,0.9872689,FALSE
"2020-10-01 21:25:41","unknown","clear",246,"WSW",8.192867,57.35007,0.061404,7.079687,1.157236,79.2010181363636,0.724107736863408,7,25,114,6,3,30,41.2142582416489,FALSE
"2020-10-01 21:25:41","unknown","clear",247,"WSW",9.398484,93.984837,0.087719,9.47772,0.99164,84.4726107272727,1.11260722488427,10,27,114,6,3,30,64.9368575876534,FALSE
"2020-10-01 21:25:41","unknown","clear",248,"WSW",7.050155,84.601859,0.103448,11.346463,0.621353,86.7876016818182,0.974815035333831,12,33,116,7,3.5,30,71.3616680665,FALSE
"2020-10-01 21:25:41","unknown","clear",249,"WSW",7.181258,114.90012,0.13913,11.988878,0.598993,89.4120614090909,1.2850628672377,16,36,115,12,6,30,366.77223209044,FALSE
"2020-10-01 21:25:41","unknown","clear",250,"WSW",11.617989,209.123804,0.155172,9.734522,1.193483,94.2685563181818,2.21838343735901,18,38,116,13,6.5,30,1799.449580843,FALSE
"2020-10-01 21:25:41","unknown","clear",251,"WSW",15.970719,239.560779,0.130435,7.245289,2.20429,103.714366909091,2.30981286527047,15,43,115,10,5,30,2347.96693594736,FALSE
"2020-10-01 21:25:41","unknown","clear",252,"WSW",12.681744,190.226154,0.132743,7.70317,1.646302,198.529089454545,0.958177738701378,15,48,113,7,3.5,30,294.849270462231,FALSE
"2020-10-01 21:25:41","unknown","clear",253,"W",9.17162,137.574296,0.12931,8.919836,1.028227,298.951195863636,0.460189816610579,15,51,116,11,5.5,30,294.868378984079,FALSE
"2020-10-01 21:25:41","unknown","clear",254,"W",6.896357,89.652643,0.113043,11.358948,0.60713,319.547035181818,0.280561648612977,13,51,115,11,5.5,29.5,186.8809343335,FALSE
"2020-10-01 21:25:41","unknown","clear",255,"W",5.748854,86.232809,0.128205,10.953106,0.524861,341.694501863636,0.252368149120567,15,45,117,13,6.5,30,242.7022409305,FALSE
"2020-10-01 21:25:41","unknown","clear",256,"W",6.41902,96.285303,0.12931,9.552367,0.671982,357.666741636364,0.2692039594162,15,41,116,10,5,30,160.315029495,FALSE
"2020-10-01 21:25:41","unknown","clear",257,"W",10.14579,172.478428,0.147826,7.748002,1.309472,371.899474409091,0.463777014673253,17,36,115,13,6.5,29.5,657.691717067887,FALSE
"2020-10-01 21:25:41","unknown","clear",258,"W",11.67212,175.0818,0.130435,7.82158,1.492297,381.179565409091,0.459315807792839,15,44,115,10,5,29,466.374170136861,FALSE
"2020-10-01 21:25:41","unknown","clear",259,"W",12.365329,210.210593,0.149123,9.515367,1.299512,394.771902727273,0.532486206712699,17,47,114,11,5.5,30,551.396043241648,FALSE
"2020-10-01 21:25:41","unknown","clear",260,"W",7.854082,133.519401,0.146552,13.038744,0.602365,403.092314863636,0.331237773771918,17,50,116,10,5,30,222.309802665,FALSE
"2020-10-01 21:25:41","unknown","clear",261,"W",11.174903,189.973349,0.147826,44.070258,0.25357,409.1301365,0.464334772855336,17,54,115,11,5.5,30,383.4612049565,FALSE
"2020-10-01 21:25:41","unknown","clear",262,"W",15.715508,282.879147,0.155172,43.621327,0.360271,410.553893454545,0.689018303102073,18,55,116,11,5.5,30,570.9915582195,FALSE
"2020-10-01 21:25:41","unknown","clear",263,"W",15.4848,294.211206,0.165217,39.507311,0.391948,332.205311636364,0.88563064976531,19,61,115,12,6,30,706.1068944,FALSE
"2020-10-01 21:25:41","unknown","clear",264,"W",91.723751,2017.922522,0.191304,14.8316,6.184346,253.5402615,7.95898256971704,22,60,115,15,7.5,30,301136.440868202,FALSE
"2020-10-01 21:25:41","unknown","clear",265,"W",85.955264,2062.926339,0.206897,15.296022,5.619452,254.213284909091,8.11494308701342,24,61,116,14,7,29.5,282998.656838461,FALSE
"2020-10-01 21:25:41","unknown","clear",266,"W",16.419239,361.22326,0.189655,41.872593,0.392124,328.808400045455,1.09858282194148,22,66,116,14,7,28.5,1441.69671701275,FALSE
"2020-10-01 21:25:41","unknown","clear",267,"W",20.964804,461.225692,0.189655,40.029479,0.523734,403.581104227273,1.14283272226805,22,65,116,16,8,28,2500.58048967054,FALSE
"2020-10-01 21:25:41","unknown","clear",268,"W",19.38858,445.937344,0.198276,41.643806,0.465581,402.269603590909,1.10855341795474,23,64,116,15,7.5,27,2224.55415098186,FALSE
"2020-10-01 21:25:41","unknown","clear",269,"W",17.768675,408.679524,0.198276,16.782106,1.058787,407.485223318182,1.00293090549908,23,59,116,14,7,26.5,1771.04292894442,FALSE
"2020-10-01 21:25:41","unknown","clear",270,"W",14.907272,327.959981,0.189655,16.900494,0.882061,408.767370318182,0.802314482060342,22,57,116,14,7,26.5,1338.404682461,FALSE
"2020-10-01 21:25:41","unknown","clear",271,"W",15.871123,317.422464,0.17094,18.283282,0.868067,408.314398590909,0.777397184854179,20,56,117,13,6.5,25.5,1277.149283904,FALSE
"2020-10-01 21:25:41","unknown","clear",272,"W",14.596273,291.925453,0.17094,19.068001,0.765485,402.814195772727,0.724714908420725,20,55,117,13,6.5,29,880.447166248,FALSE
"2020-10-01 21:25:41","unknown","clear",273,"W",16.116805,290.102489,0.153846,17.172246,0.938538,398.289610909091,0.728370715816174,18,47,117,11,5.5,29,548.873909188,TRUE
"2020-10-01 21:25:41","unknown","clear",274,"W",19.182161,306.914578,0.136752,16.272764,1.178789,389.581227409091,0.787806383898769,16,45,117,11,5.5,23.5,1042.67165709677,TRUE
"2020-10-01 21:25:41","unknown","clear",275,"WNW",20.893612,313.404177,0.127119,15.854519,1.317833,377.477543863636,0.830259129568823,15,45,118,10,5,23.5,982.97419295649,TRUE
"2020-10-01 21:25:41","unknown","clear",276,"WNW",26.270624,288.976868,0.094017,13.575456,1.935156,365.850579454545,0.78987675359389,11,45,117,7,3.5,26,526.501223753081,FALSE
"2020-10-01 21:25:41","unknown","clear",277,"WNW",24.731338,272.044723,0.094828,13.303937,1.858949,278.918430727273,0.975355849703622,11,40,116,8,4,26,1011.43453155225,FALSE
"2020-10-01 21:25:41","unknown","clear",278,"WNW",18.4975,221.969999,0.103448,15.350511,1.205009,194.218797909091,1.1428862776913,12,33,116,9,4.5,26,773.101326281803,FALSE
"2020-10-01 21:25:41","unknown","clear",279,"WNW",11.766314,117.66314,0.086207,17.190254,0.684476,189.773657363636,0.620018297769004,10,32,116,7,3.5,23.5,261.91814964,FALSE
"2020-10-01 21:25:41","unknown","clear",280,"WNW",10.483606,104.836059,0.08547,15.729116,0.66651,180.722491909091,0.580094142641281,10,27,117,7,3.5,23.5,233.365067334,FALSE
"2020-10-01 21:25:41","unknown","clear",281,"WNW",7.776323,77.763226,0.08547,17.14778,0.453489,167.301002772727,0.464810280340272,10,24,117,8,4,23,226.135461208,FALSE
"2020-10-01 21:25:41","unknown","clear",282,"WNW",7.217078,72.170782,0.086207,17.568261,0.410802,155.028898227273,0.465531154676707,10,20,116,8,4,23,209.872634056,FALSE
"2020-10-01 21:25:41","unknown","clear",283,"WNW",8.060392,48.362351,0.052174,8.509547,0.947217,147.592382363636,0.327675115920586,6,22,115,5,2.5,23,55.0121742625,FALSE
"2020-10-01 21:25:41","unknown","clear",284,"WNW",8.558106,51.348639,0.052174,8.267548,1.035144,145.988218727273,0.351731389338524,6,17,115,5,2.5,30,26.576617784508,FALSE
"2020-10-01 21:25:41","unknown","clear",285,"WNW",5.867662,23.470648,0.034188,7.946752,0.738372,152.558217045455,0.153847157200369,4,17,117,4,2,30,7.51060736,FALSE
"2020-10-01 21:25:41","unknown","clear",286,"WNW",6.622545,19.867636,0.025862,7.031016,0.941905,161.855315318182,0.122749357726951,3,18,116,3,1.5,29.5,3.72518175,FALSE
"2020-10-01 21:25:41","unknown","clear",287,"WNW",5.157496,15.472488,0.025641,7.079845,0.728476,177.506809181818,0.0871656026679614,3,23,117,3,1.5,29.5,3.156387552,FALSE
"2020-10-01 21:25:41","unknown","clear",288,"WNW",3.548134,3.548134,0.008621,6.180616,0.574074,197.0395585,0.0180072165559587,1,27,116,1,0.5,23.5,1.774067,FALSE
"2020-10-01 21:25:41","unknown","clear",289,"WNW",6.990536,13.981072,0.016807,6.023956,1.160456,219.010769227273,0.0638373722412321,2,28,119,2,1,24,16.224418888832,FALSE
"2020-10-01 21:25:41","unknown","clear",290,"WNW",4.703448,28.220689,0.051282,6.531598,0.720107,244.831315045455,0.115265847405021,6,30,117,5,2.5,28,32.1010337375,FALSE
"2020-10-01 21:25:41","unknown","clear",291,"WNW",6.414767,96.221504,0.128205,7.005317,0.9157,273.887390090909,0.351317758616277,15,29,117,12,6,28,364.871943168,FALSE
"2020-10-01 21:25:41","unknown","clear",292,"WNW",6.204909,117.893279,0.161017,8.326167,0.74523,317.959547090909,0.370780748930595,19,35,118,14,7,28,340.004216636,FALSE
"2020-10-01 21:25:41","unknown","clear",293,"WNW",7.011482,105.172225,0.12931,11.002602,0.637257,376.820775681818,0.279104104092195,15,47,116,12,6,27.5,229.6961394,FALSE
"2020-10-01 21:25:41","unknown","clear",294,"WNW",6.324578,82.219516,0.111111,12.264072,0.5157,445.970803409091,0.18436075942976,13,58,117,12,6,26,197.3268384,FALSE
"2020-10-01 21:25:41","unknown","clear",295,"WNW",8.114238,137.942045,0.146552,14.887146,0.54505,506.850895136364,0.272155078196889,17,64,116,13,6.5,24.5,431.2758036925,FALSE
"2020-10-01 21:25:41","unknown","clear",296,"WNW",10.149162,233.43073,0.196581,19.334371,0.524928,555.5546335,0.420176011366126,23,66,117,16,8,27,933.72292,FALSE
"2020-10-01 21:25:41","unknown","clear",297,"NW",14.570382,407.970701,0.231405,20.0163,0.727926,592.351893454545,0.688730306272425,28,63,121,15,7.5,27,2184.683103855,FALSE
"2020-10-01 21:25:41","unknown","clear",298,"NW",15.819397,458.7625,0.241667,24.511329,0.645391,618.4997545,0.741734328368274,29,66,120,17,8.5,28.5,2760.832725,FALSE
"2020-10-01 21:25:41","unknown","clear",299,"NW",20.36532,631.324929,0.262712,25.45403,0.800082,639.821550181818,0.986720326660764,31,69,118,18,9,28.5,4261.44327075,FALSE
"2020-10-01 21:25:41","unknown","clear",300,"NW",24.574603,737.238098,0.258621,24.714718,0.994331,654.726193954545,1.12602505414833,30,82,116,16,8,28,4622.26723342066,FALSE
"2020-10-01 21:25:41","unknown","clear",301,"NW",30.195835,785.091705,0.220339,27.329038,1.104899,671.182330954545,1.16971450050459,26,95,118,13,6.5,23,6595.32497539708,FALSE
"2020-10-01 21:25:41","unknown","clear",302,"NW",34.547041,932.770101,0.228814,29.245828,1.181264,684.339550181818,1.3630223487042,27,101,118,14,7,26.5,7359.03116692207,FALSE
"2020-10-01 21:25:41","unknown","clear",303,"NW",30.159871,965.115857,0.271186,30.943159,0.974686,692.300945227273,1.39406982419064,32,104,118,18,9,28.5,9081.71252836825,FALSE
"2020-10-01 21:25:41","unknown","clear",304,"NW",33.262918,1164.20213,0.307018,30.36456,1.095452,688.556135590909,1.69078753325014,35,107,114,21,10.5,28.5,19811.0790632009,FALSE
"2020-10-01 21:25:41","unknown","clear",305,"NW",35.532849,1385.7811,0.336207,29.322429,1.211798,676.5908115,2.04818196825305,39,108,116,23,11.5,29,35005.357289408,FALSE
"2020-10-01 21:25:41","unknown","clear",306,"NW",40.477815,1619.112602,0.344828,26.54048,1.525135,680.240645363636,2.38020561258063,40,114,116,22,11,29,54696.919007263,FALSE
"2020-10-01 21:25:41","unknown","clear",307,"NW",37.555885,1539.791305,0.350427,24.988582,1.502922,699.059874818182,2.20266011606014,41,119,117,23,11.5,29,49943.9891763701,FALSE
"2020-10-01 21:25:41","unknown","clear",308,"NW",34.418947,1445.59578,0.358974,24.580642,1.400246,739.655907545455,1.95441659459897,42,120,117,23,11.5,28.5,40263.3090876708,FALSE
"2020-10-01 21:25:41","unknown","clear",309,"NW",27.4816,1181.708813,0.367521,25.269399,1.087545,776.731034272727,1.52138740549547,43,123,117,21,10.5,29,15972.2619180569,FALSE
"2020-10-01 21:25:41","unknown","clear",310,"NW",23.728995,996.61779,0.358974,24.727769,0.959609,806.641952090909,1.23551445274654,42,125,117,22,11,29,10646.1283187569,FALSE
"2020-10-01 21:25:41","unknown","clear",311,"NW",20.455363,818.214538,0.353982,22.894633,0.893457,827.075478318182,0.989286418772565,40,125,113,22,11,28.5,7335.29333317,FALSE
"2020-10-01 21:25:41","unknown","clear",312,"NW",16.742596,669.703856,0.34188,22.179487,0.754869,833.619932181818,0.803368333872723,40,123,117,21,10.5,28.5,5273.917866,FALSE
"2020-10-01 21:25:41","unknown","clear",313,"NW",16.268983,667.02832,0.350427,19.292035,0.843301,837.570550227273,0.796384638665965,41,125,117,22,11,28.5,5767.12685472,FALSE
"2020-10-01 21:25:41","unknown","clear",314,"NW",13.62353,531.317654,0.330508,17.624648,0.772982,834.853571636364,0.636420172412493,39,128,118,20,10,28,3937.06381614,FALSE
"2020-10-01 21:25:41","unknown","clear",315,"NW",13.868614,582.481805,0.375,15.187288,0.913173,830.017954,0.701770127011012,42,129,112,22,11,28.5,2998.61633214,TRUE
"2020-10-01 21:25:41","unknown","clear",316,"NW",11.671167,466.846691,0.344828,13.883498,0.84065,819.690188590909,0.569540415998555,40,133,116,25,12.5,28.5,3104.53049515,FALSE
"2020-10-01 21:25:41","unknown","clear",317,"NW",11.303398,508.652894,0.378151,13.08072,0.864127,802.445213409091,0.63387865676094,45,126,119,25,12.5,28.5,3382.5417451,TRUE
"2020-10-01 21:25:41","unknown","clear",318,"NW",12.46795,561.057745,0.384615,11.498853,1.084278,767.298014272727,0.731212298955042,45,128,117,26,13,28.5,4373.37473309243,TRUE
"2020-10-01 21:25:41","unknown","clear",319,"NNW",11.831005,556.057244,0.401709,11.037166,1.071924,718.767505636364,0.773626019038928,47,129,117,28,14,28,5081.93172308403,TRUE
"2020-10-01 21:25:41","unknown","clear",320,"NNW",11.416365,593.650976,0.444444,11.308933,1.0095,679.254474909091,0.873974332049049,52,124,117,27,13.5,28,4749.07883732546,TRUE
"2020-10-01 21:25:41","unknown","clear",321,"NNW",10.1182,505.910003,0.42735,11.966845,0.845519,645.760264454545,0.783433157546984,50,127,117,27,13.5,28.5,3920.296613247,FALSE
"2020-10-01 21:25:41","unknown","clear",322,"NNW",9.535427,438.629651,0.393162,12.297248,0.775412,628.123143818182,0.698317925898567,46,136,117,25,12.5,28.5,2916.88717915,FALSE
"2020-10-01 21:25:41","unknown","clear",323,"NNW",9.216166,396.29512,0.367521,12.719831,0.724551,615.926369727273,0.643413140722448,43,141,117,24,12,28.5,2430.08167584,FALSE
"2020-10-01 21:25:41","unknown","clear",324,"NNW",10.129851,445.713444,0.376068,13.280969,0.762734,603.347309909091,0.738734451417638,44,142,117,25,12.5,29,2902.70880405,FALSE
"2020-10-01 21:25:41","unknown","clear",325,"NNW",11.679452,537.254811,0.396552,13.616971,0.857713,592.4477095,0.906839206878561,46,140,116,26,13,29.5,3708.669960333,TRUE
"2020-10-01 21:25:41","unknown","clear",326,"NNW",13.576513,638.096125,0.405172,13.102898,1.036146,586.161604954546,1.08860102675862,47,138,116,25,12.5,29.5,4687.30849937657,TRUE
"2020-10-01 21:25:41","unknown","clear",327,"NNW",13.915664,626.204884,0.387931,13.079168,1.063956,585.129711636364,1.07019840480971,45,140,116,24,12,29,4372.26588261477,TRUE
"2020-10-01 21:25:41","unknown","clear",328,"NNW",15.217878,715.240258,0.401709,12.655975,1.202426,587.689522636364,1.21703762012201,47,137,117,25,12.5,29.5,6816.50957192515,TRUE
"2020-10-01 21:25:41","unknown","clear",329,"NNW",15.57936,763.388616,0.418803,12.481892,1.248157,595.433994363636,1.28207093183496,49,134,117,26,13,29.5,8607.35248593639,TRUE
"2020-10-01 21:25:41","unknown","clear",330,"NNW",14.035065,701.753272,0.423729,13.331228,1.052796,605.275650863636,1.15939451884229,50,133,118,28,14,30,6847.37415460245,TRUE
"2020-10-01 21:25:41","unknown","clear",331,"NNW",13.259156,636.439494,0.417391,13.761188,0.963518,614.910604227273,1.03501141405714,48,134,115,27,13.5,30,4899.90464320086,TRUE
"2020-10-01 21:25:41","unknown","clear",332,"NNW",12.819935,615.356887,0.410256,14.291902,0.897007,621.244689681818,0.990522570607672,48,134,117,26,13,29.5,4335.804625802,TRUE
"2020-10-01 21:25:41","unknown","clear",333,"NNW",12.580757,591.295557,0.398305,14.392052,0.874146,625.036688363636,0.946017358673822,47,133,118,27,13.5,30,4398.3520007445,TRUE
"2020-10-01 21:25:41","unknown","clear",334,"NNW",12.423673,596.336303,0.421053,14.54168,0.854349,632.178584045454,0.943303550689599,48,132,114,25,12.5,30,3801.643931625,TRUE
"2020-10-01 21:25:41","unknown","clear",335,"NNW",14.214728,668.092201,0.398305,14.282881,0.995228,639.663715681818,1.04444286055507,47,130,118,23,11.5,30,3763.49870260371,TRUE
"2020-10-01 21:25:41","unknown","clear",336,"NNW",16.00251,640.100382,0.34188,13.851739,1.155271,639.901250772727,1.00031119055797,40,140,117,20,10,30,4623.24706584461,FALSE
"2020-10-01 21:25:41","unknown","clear",337,"NNW",17.223427,671.713652,0.333333,14.647085,1.175895,637.308628363636,1.05398487028914,39,139,117,22,11,30,6300.4013934321,FALSE
"2020-10-01 21:25:41","unknown","clear",338,"NNW",17.298182,709.22546,0.350427,14.87621,1.162808,633.041875318182,1.12034525305854,41,137,117,22,11,30,6992.38496678159,FALSE
"2020-10-01 21:25:41","unknown","clear",339,"NNW",17.165036,686.601448,0.34188,15.443492,1.111474,621.692163272727,1.1044074359657,40,133,117,22,11,30,6378.43990944705,FALSE
"2020-10-01 21:25:41","unknown","clear",340,"NNW",17.769538,764.090138,0.364407,14.754984,1.204308,611.940139409091,1.24863542819373,43,127,118,24,12,30,10340.9473823997,FALSE
"2020-10-01 21:25:41","unknown","clear",341,"N",16.576127,712.773457,0.37069,15.143943,1.094571,595.516523090909,1.19689954747266,43,127,116,26,13,30,9857.17667134685,FALSE
"2020-10-01 21:25:41","unknown","clear",342,"N",14.363746,646.368573,0.409091,16.314233,0.880443,582.690830181818,1.10928221197219,45,125,110,25,12.5,30,6999.76287847089,FALSE
"2020-10-01 21:25:41","unknown","clear",343,"N",13.586848,624.99499,0.403509,16.642374,0.816401,570.855716045455,1.09483880503044,46,119,114,26,13,30,7463.31945259356,FALSE
"2020-10-01 21:25:41","unknown","clear",344,"N",13.294305,584.949409,0.372881,16.124015,0.824503,558.063955727273,1.04817629412688,44,119,118,25,12.5,30,6177.28579555659,FALSE
"2020-10-01 21:25:41","unknown","clear",345,"N",15.535896,636.971756,0.353448,14.633034,1.0617,538.466896727273,1.18293577538643,41,119,116,23,11.5,29.5,7295.48530515053,FALSE
"2020-10-01 21:25:41","unknown","clear",346,"N",17.894176,715.767022,0.338983,13.610891,1.314695,517.245201545455,1.38380601668491,40,117,118,23,11.5,30,11485.9022276057,FALSE
"2020-10-01 21:25:41","unknown","clear",347,"N",16.720702,652.107372,0.327731,13.882604,1.204436,504.480213818182,1.29263220665186,39,120,119,21,10.5,30,7462.17018097261,FALSE
"2020-10-01 21:25:41","unknown","clear",348,"N",13.625664,476.898241,0.299145,14.862476,0.916783,492.656039727273,0.968014603584286,35,119,117,20,10,30,3180.91126747,FALSE
"2020-10-01 21:25:41","unknown","clear",349,"N",13.431532,429.80901,0.280702,14.989358,0.896071,474.145900272727,0.906491039472819,32,120,114,19,9.5,30,2584.656481635,FALSE
"2020-10-01 21:25:41","unknown","clear",350,"N",14.84507,489.88731,0.275,13.441724,1.104402,445.5613475,1.09948341064302,33,114,120,18,9,30,3442.433325857,FALSE
"2020-10-01 21:25:41","unknown","clear",351,"N",13.354971,480.778946,0.307692,12.251136,1.090101,414.960401818182,1.15861403616689,36,109,117,23,11.5,30,5733.13227643669,FALSE
"2020-10-01 21:25:41","unknown","clear",352,"N",11.221847,415.208356,0.313559,12.078463,0.929079,391.760312636364,1.05985303413161,37,103,118,22,11,30,3945.13642887398,FALSE
"2020-10-01 21:25:41","unknown","clear",353,"N",9.226112,313.687824,0.290598,12.112842,0.76168,363.331248272727,0.863365938083411,34,102,117,19,9.5,30,2264.82608928,FALSE
"2020-10-01 21:25:41","unknown","clear",354,"N",10.367522,342.128224,0.279661,10.618038,0.976407,335.552984,1.0195952362623,33,99,118,18,9,30,2260.4333518307,FALSE
"2020-10-01 21:25:41","unknown","clear",355,"N",9.798647,313.556713,0.273504,10.087662,0.97135,304.720952227273,1.0289962364194,32,96,117,19,9.5,30,2240.63374146152,FALSE
"2020-10-01 21:25:41","unknown","clear",356,"N",9.87497,345.62395,0.301724,8.994744,1.09786,279.363661909091,1.23718291648279,35,81,116,21,10.5,30,3982.77126983179,FALSE
"2020-10-01 21:25:41","unknown","clear",357,"N",8.33314,274.993621,0.284483,8.873037,0.939153,258.31962,1.06454794645486,33,73,116,20,10,30,2251.20054888753,FALSE
"2020-10-01 21:25:41","unknown","clear",358,"N",7.663049,191.576226,0.215517,9.182257,0.83455,238.011398909091,0.804903575534939,25,63,116,17,8.5,30,1107.31058628,FALSE
"2020-10-01 21:25:41","unknown","clear",359,"N",8.63517,155.433058,0.155172,8.410018,1.026772,212.430682545455,0.731688361292825,18,59,116,12,6,30,459.631618066875,FALSE
